{
	"id": "ffdce22f-8372-1b46-8840-c3296e4d1012",
	"name": "1. Create L2VNI 20200",
	"description": "",
	"order": [
		"fe8619fb-8bba-89f6-7112-90ba6ce59ddc",
		"0d574681-e44f-cb50-9faa-7cba773edebb",
		"3789e5ca-98e2-b2a9-ec36-38f2f065e019",
		"b35c77aa-ba1a-11cd-1446-b5d28eba5c41"
	],
	"folders": [],
	"timestamp": 1479762121961,
	"owner": 0,
	"public": false,
	"requests": [
		{
			"id": "0d574681-e44f-cb50-9faa-7cba773edebb",
			"headers": "Authorization: Basic YWRtaW46Y2lzY28=\nContent-Type: application/yang.data+xml\n",
			"url": "{{MGMT_IP}}/restconf/data/top:System/",
			"preRequestScript": null,
			"pathVariables": {},
			"method": "POST",
			"data": [],
			"dataMode": "raw",
			"version": 2,
			"tests": null,
			"currentHelper": "normal",
			"helperAttributes": {},
			"time": 1479811637567,
			"name": "Add L2VNI to NVE Interface",
			"description": "",
			"collectionId": "ffdce22f-8372-1b46-8840-c3296e4d1012",
			"responses": [],
			"rawModeData": "  <epId-items>\n    <Ep-list>\n      <epId>1</epId>\n      <nws-items>\n        <vni-items>\n          <Nw-list>\n            <vni>20200</vni>\n            <isLegacyMode>false</isLegacyMode>\n            <isMcastRange>true</isMcastRange>\n            <mcastGroup>239.239.239.100</mcastGroup>\n            <suppressARP>true</suppressARP>\n            <vniRangeMax>20200</vniRangeMax>\n            <vniRangeMin>20200</vniRangeMin>\n          </Nw-list>\n        </vni-items>\n      </nws-items>\n    </Ep-list>\n  </epId-items>"
		},
		{
			"id": "3789e5ca-98e2-b2a9-ec36-38f2f065e019",
			"headers": "Authorization: Basic YWRtaW46Y2lzY28=\nContent-Type: application/yang.data+xml\n",
			"url": "{{MGMT_IP}}/restconf/data/top:System/evpn-items/bdevi-items",
			"preRequestScript": null,
			"pathVariables": {},
			"method": "POST",
			"data": [],
			"dataMode": "raw",
			"version": 2,
			"tests": null,
			"currentHelper": "normal",
			"helperAttributes": {},
			"time": 1479811646791,
			"name": "Add L2VNI to EVPN",
			"description": "",
			"collectionId": "ffdce22f-8372-1b46-8840-c3296e4d1012",
			"responses": [],
			"rawModeData": "\n      <BDEvi-list>\n        <encap>vxlan-20200</encap>\n        <name>vxlan-20200</name>\n        <rd>rd:unknown:0:0</rd>\n        <rttp-items>\n          <RttP-list>\n            <type>import</type>\n            <ent-items>\n              <RttEntry-list>\n                <rtt>route-target:unknown:0:0</rtt>\n              </RttEntry-list>\n            </ent-items>\n          </RttP-list>\n          <RttP-list>\n            <type>export</type>\n            <ent-items>\n              <RttEntry-list>\n                <rtt>route-target:unknown:0:0</rtt>\n              </RttEntry-list>\n            </ent-items>\n          </RttP-list>\n        </rttp-items>\n      </BDEvi-list>\n\n"
		},
		{
			"id": "b35c77aa-ba1a-11cd-1446-b5d28eba5c41",
			"headers": "Authorization: Basic YWRtaW46Y2lzY28=\nContent-Type: application/yang.data+xml\n",
			"url": "{{MGMT_IP}}/restconf/data/top:System/intf-items",
			"preRequestScript": null,
			"pathVariables": {},
			"method": "POST",
			"data": [],
			"dataMode": "raw",
			"version": 2,
			"tests": null,
			"currentHelper": "normal",
			"helperAttributes": {},
			"time": 1479811650807,
			"name": "Assign e1/41 to the VLAN",
			"description": "",
			"collectionId": "ffdce22f-8372-1b46-8840-c3296e4d1012",
			"responses": [],
			"rawModeData": "\n    <phys-items>\n      <PhysIf-list>\n        <id>eth1/41</id>\n        <accessVlan>vlan-200</accessVlan>\n      </PhysIf-list>\n    </phys-items>\n\n"
		},
		{
			"id": "fe8619fb-8bba-89f6-7112-90ba6ce59ddc",
			"headers": "Authorization: Basic YWRtaW46Y2lzY28=\nContent-Type: application/yang.data+xml\n",
			"url": "{{MGMT_IP}}/restconf/data/top:System/bd-items",
			"preRequestScript": null,
			"pathVariables": {},
			"method": "POST",
			"data": [],
			"dataMode": "raw",
			"version": 2,
			"tests": null,
			"currentHelper": "normal",
			"helperAttributes": {},
			"time": 1479811630648,
			"name": "Create VLAN and L2VNI",
			"description": "",
			"collectionId": "ffdce22f-8372-1b46-8840-c3296e4d1012",
			"responses": [],
			"rawModeData": "    <bd-items>\n      <BD-list>\n        <fabEncap>vlan-200</fabEncap>\n        <accEncap>vxlan-20200</accEncap>\n        <pcTag>1</pcTag>\n      </BD-list>\n    </bd-items>"
		}
	]
}