{
	"id": "cd7b5265-2d3b-567b-7037-dd912630c30f",
	"name": "2. Create L2VNI 20201",
	"description": "",
	"order": [
		"4d99f8c7-3a54-1e0d-7c03-c20cfa83d743",
		"20d70ac7-1ab2-a8e6-5f66-ae0dcbdf34cc",
		"31a124fc-16cc-14e2-f38a-d7424aba442e",
		"58324d82-7f8c-ad1b-f3c2-1ec64a0c1d03"
	],
	"folders": [],
	"timestamp": 1479811516342,
	"owner": 0,
	"public": false,
	"requests": [
		{
			"id": "20d70ac7-1ab2-a8e6-5f66-ae0dcbdf34cc",
			"headers": "Authorization: Basic YWRtaW46Y2lzY28=\nContent-Type: application/yang.data+xml\n",
			"url": "{{MGMT_IP}}/restconf/data/top:System/",
			"preRequestScript": null,
			"pathVariables": {},
			"method": "POST",
			"data": [],
			"dataMode": "raw",
			"version": 2,
			"tests": null,
			"currentHelper": "normal",
			"helperAttributes": {},
			"time": 1479815852086,
			"name": "Add L2VNI to NVE Interface",
			"description": "",
			"collectionId": "cd7b5265-2d3b-567b-7037-dd912630c30f",
			"responses": [],
			"rawModeData": "  <epId-items>\n    <Ep-list>\n      <epId>1</epId>\n      <nws-items>\n        <vni-items>\n          <Nw-list>\n            <vni>20201</vni>\n            <isLegacyMode>false</isLegacyMode>\n            <isMcastRange>true</isMcastRange>\n            <mcastGroup>239.239.239.101</mcastGroup>\n            <suppressARP>true</suppressARP>\n            <vniRangeMax>20201</vniRangeMax>\n            <vniRangeMin>20201</vniRangeMin>\n          </Nw-list>\n        </vni-items>\n      </nws-items>\n    </Ep-list>\n  </epId-items>"
		},
		{
			"id": "31a124fc-16cc-14e2-f38a-d7424aba442e",
			"headers": "Authorization: Basic YWRtaW46Y2lzY28=\nContent-Type: application/yang.data+xml\n",
			"url": "{{MGMT_IP}}/restconf/data/top:System/evpn-items/bdevi-items",
			"preRequestScript": null,
			"pathVariables": {},
			"method": "POST",
			"data": [],
			"dataMode": "raw",
			"version": 2,
			"tests": null,
			"currentHelper": "normal",
			"helperAttributes": {},
			"time": 1479811692125,
			"name": "Add L2VNI to EVPN",
			"description": "",
			"collectionId": "cd7b5265-2d3b-567b-7037-dd912630c30f",
			"responses": [],
			"rawModeData": "\n      <BDEvi-list>\n        <encap>vxlan-20201</encap>\n        <name>vxlan-20201</name>\n        <rd>rd:unknown:0:0</rd>\n        <rttp-items>\n          <RttP-list>\n            <type>import</type>\n            <ent-items>\n              <RttEntry-list>\n                <rtt>route-target:unknown:0:0</rtt>\n              </RttEntry-list>\n            </ent-items>\n          </RttP-list>\n          <RttP-list>\n            <type>export</type>\n            <ent-items>\n              <RttEntry-list>\n                <rtt>route-target:unknown:0:0</rtt>\n              </RttEntry-list>\n            </ent-items>\n          </RttP-list>\n        </rttp-items>\n      </BDEvi-list>\n\n"
		},
		{
			"id": "4d99f8c7-3a54-1e0d-7c03-c20cfa83d743",
			"headers": "Authorization: Basic YWRtaW46Y2lzY28=\nContent-Type: application/yang.data+xml\n",
			"url": "{{MGMT_IP}}/restconf/data/top:System/bd-items",
			"preRequestScript": null,
			"pathVariables": {},
			"method": "POST",
			"data": [],
			"dataMode": "raw",
			"version": 2,
			"tests": null,
			"currentHelper": "normal",
			"helperAttributes": {},
			"time": 1479811704493,
			"name": "Create VLAN and L2VNI",
			"description": "",
			"collectionId": "cd7b5265-2d3b-567b-7037-dd912630c30f",
			"responses": [],
			"rawModeData": "    <bd-items>\n      <BD-list>\n        <fabEncap>vlan-201</fabEncap>\n        <accEncap>vxlan-20201</accEncap>\n        <pcTag>1</pcTag>\n      </BD-list>\n    </bd-items>"
		},
		{
			"id": "58324d82-7f8c-ad1b-f3c2-1ec64a0c1d03",
			"headers": "Authorization: Basic YWRtaW46Y2lzY28=\nContent-Type: application/yang.data+xml\n",
			"url": "{{MGMT_IP}}/restconf/data/top:System/intf-items",
			"preRequestScript": null,
			"pathVariables": {},
			"method": "POST",
			"data": [],
			"dataMode": "raw",
			"version": 2,
			"tests": null,
			"currentHelper": "normal",
			"helperAttributes": {},
			"time": 1479811734115,
			"name": "Assign e1/42 to the VLAN",
			"description": "",
			"collectionId": "cd7b5265-2d3b-567b-7037-dd912630c30f",
			"responses": [],
			"rawModeData": "\n    <phys-items>\n      <PhysIf-list>\n        <id>eth1/42</id>\n        <accessVlan>vlan-201</accessVlan>\n      </PhysIf-list>\n    </phys-items>\n\n"
		}
	]
}