{
	"id": "efd87228-93c8-1cc6-27d3-0d42faca23e9",
	"name": "3. Read Status",
	"description": "",
	"order": [
		"b590931a-cd76-0f01-d356-5d785ad641e8",
		"ff5dccf8-9d0f-89b2-07c0-5b0abd0dd7a0",
		"3624f81f-d7af-917a-6acc-1c0676f437fb"
	],
	"folders": [],
	"timestamp": 1479762154733,
	"owner": 0,
	"public": false,
	"requests": [
		{
			"id": "3624f81f-d7af-917a-6acc-1c0676f437fb",
			"headers": "Authorization: Basic YWRtaW46Y2lzY28=\nContent-Type: application/yang.data+xml\n",
			"url": "{{MGMT_IP}}/restconf/data/top:System/evpn-items/bdevi-items/BDEvi-list=vxlan-20200",
			"preRequestScript": null,
			"pathVariables": {},
			"method": "GET",
			"data": [],
			"dataMode": "raw",
			"version": 2,
			"tests": null,
			"currentHelper": "normal",
			"helperAttributes": {},
			"time": 1479906882563,
			"name": "Get L2VNI 20000",
			"description": "",
			"collectionId": "efd87228-93c8-1cc6-27d3-0d42faca23e9",
			"responses": [],
			"rawModeData": "\n      <BDEvi-list>\n        <encap>vxlan-20000</encap>\n        <name>vxlan-20000</name>\n        <rd>rd:unknown:0:0</rd>\n        <rttp-items>\n          <RttP-list>\n            <type>import</type>\n            <ent-items>\n              <RttEntry-list>\n                <rtt>route-target:unknown:0:0</rtt>\n              </RttEntry-list>\n            </ent-items>\n          </RttP-list>\n          <RttP-list>\n            <type>export</type>\n            <ent-items>\n              <RttEntry-list>\n                <rtt>route-target:unknown:0:0</rtt>\n              </RttEntry-list>\n            </ent-items>\n          </RttP-list>\n        </rttp-items>\n      </BDEvi-list>\n\n"
		},
		{
			"id": "b590931a-cd76-0f01-d356-5d785ad641e8",
			"headers": "Authorization: Basic YWRtaW46Y2lzY28=\nContent-Type: application/yang.data+xml\n",
			"url": "{{MGMT_IP}}/restconf/data/top:System/bd-items",
			"preRequestScript": null,
			"pathVariables": {},
			"method": "GET",
			"data": [],
			"dataMode": "raw",
			"version": 2,
			"tests": null,
			"currentHelper": "normal",
			"helperAttributes": {},
			"time": 1479762027970,
			"name": "Get VLANs",
			"description": "",
			"collectionId": "efd87228-93c8-1cc6-27d3-0d42faca23e9",
			"responses": [],
			"rawModeData": "    <bd-items>\n      <BD-list>\n        <fabEncap>vlan-200</fabEncap>\n        <accEncap>vxlan-20000</accEncap>\n        <pcTag>1</pcTag>\n      </BD-list>\n    </bd-items>"
		},
		{
			"id": "ff5dccf8-9d0f-89b2-07c0-5b0abd0dd7a0",
			"headers": "Authorization: Basic YWRtaW46Y2lzY28=\nContent-Type: application/yang.data+xml\n",
			"url": "{{MGMT_IP}}/restconf/data/top:System/epId-items",
			"preRequestScript": null,
			"pathVariables": {},
			"method": "GET",
			"data": [],
			"dataMode": "raw",
			"version": 2,
			"tests": null,
			"currentHelper": "normal",
			"helperAttributes": {},
			"time": 1479762031490,
			"name": "Get NVE interface",
			"description": "",
			"collectionId": "efd87228-93c8-1cc6-27d3-0d42faca23e9",
			"responses": [],
			"rawModeData": "\n      <BDEvi-list>\n        <encap>vxlan-20000</encap>\n        <name>vxlan-20000</name>\n        <rd>rd:unknown:0:0</rd>\n        <rttp-items>\n          <RttP-list>\n            <type>import</type>\n            <ent-items>\n              <RttEntry-list>\n                <rtt>route-target:unknown:0:0</rtt>\n              </RttEntry-list>\n            </ent-items>\n          </RttP-list>\n          <RttP-list>\n            <type>export</type>\n            <ent-items>\n              <RttEntry-list>\n                <rtt>route-target:unknown:0:0</rtt>\n              </RttEntry-list>\n            </ent-items>\n          </RttP-list>\n        </rttp-items>\n      </BDEvi-list>\n\n"
		}
	]
}