{
	"id": "3547a237-df90-7487-4337-601dd4df30f7",
	"name": "4. Delete L2VNI 20201",
	"description": "",
	"order": [
		"350ead5f-d23d-31ea-9dbc-a2af0b550a25",
		"700344cf-33a9-b900-ffd5-89fd5b5e771e",
		"60ae3517-cb12-1cad-cb3a-7dd73e46ba41",
		"6ca16446-a961-1d20-8c94-a063c0987b4d"
	],
	"folders": [],
	"timestamp": 1479817849582,
	"owner": 0,
	"public": false,
	"requests": [
		{
			"id": "350ead5f-d23d-31ea-9dbc-a2af0b550a25",
			"headers": "Authorization: Basic YWRtaW46Y2lzY28=\nContent-Type: application/yang.data+xml\n",
			"url": "{{MGMT_IP}}/restconf/data/top:System/intf-items",
			"preRequestScript": null,
			"pathVariables": {},
			"method": "POST",
			"data": [],
			"dataMode": "raw",
			"version": 2,
			"tests": null,
			"currentHelper": "normal",
			"helperAttributes": {},
			"time": 1479817867874,
			"name": "Remove VLAN from access port",
			"description": "",
			"collectionId": "3547a237-df90-7487-4337-601dd4df30f7",
			"responses": [],
			"rawModeData": "\n    <phys-items>\n      <PhysIf-list>\n        <id>eth1/42</id>\n        <accessVlan>vlan-1</accessVlan>\n      </PhysIf-list>\n    </phys-items>\n\n"
		},
		{
			"id": "60ae3517-cb12-1cad-cb3a-7dd73e46ba41",
			"headers": "Authorization: Basic YWRtaW46Y2lzY28=\nContent-Type: application/yang.data+xml\n",
			"url": "{{MGMT_IP}}/restconf/data/top:System/epId-items/Ep-list=1/nws-items/vni-items/Nw-list=20201",
			"preRequestScript": null,
			"pathVariables": {},
			"method": "DELETE",
			"data": [],
			"dataMode": "raw",
			"version": 2,
			"tests": null,
			"currentHelper": "normal",
			"helperAttributes": {},
			"time": 1479817918495,
			"name": "Remove L2VNI from NVE Interface",
			"description": "",
			"collectionId": "3547a237-df90-7487-4337-601dd4df30f7",
			"responses": [],
			"rawModeData": ""
		},
		{
			"id": "6ca16446-a961-1d20-8c94-a063c0987b4d",
			"headers": "Authorization: Basic YWRtaW46Y2lzY28=\nContent-Type: application/yang.data+xml\n",
			"url": "{{MGMT_IP}}/restconf/data/top:System/bd-items/bd-items/BD-list=vlan-201",
			"preRequestScript": null,
			"pathVariables": {},
			"method": "DELETE",
			"data": [],
			"dataMode": "raw",
			"version": 2,
			"tests": null,
			"currentHelper": "normal",
			"helperAttributes": {},
			"time": 1479905173739,
			"name": "Remove VLAN and VNI",
			"description": "",
			"collectionId": "3547a237-df90-7487-4337-601dd4df30f7",
			"responses": [],
			"rawModeData": ""
		},
		{
			"id": "700344cf-33a9-b900-ffd5-89fd5b5e771e",
			"headers": "Authorization: Basic YWRtaW46Y2lzY28=\nContent-Type: application/yang.data+xml\n",
			"url": "{{MGMT_IP}}/restconf/data/top:System/evpn-items/bdevi-items/BDEvi-list=vxlan-20201",
			"preRequestScript": null,
			"pathVariables": {},
			"method": "DELETE",
			"data": [],
			"dataMode": "raw",
			"version": 2,
			"tests": null,
			"currentHelper": "normal",
			"helperAttributes": {},
			"time": 1479817879703,
			"name": "Remove L2VNI from EVPN",
			"description": "",
			"collectionId": "3547a237-df90-7487-4337-601dd4df30f7",
			"responses": [],
			"rawModeData": ""
		}
	]
}