{
	"id": "dd2bf67f-a0ef-e806-31f7-4561990e2571",
	"name": "4. Delete L2VNI 20200",
	"description": "",
	"order": [
		"8ba90678-26e2-9237-0220-9d0eecdc54e0",
		"101a1814-d2e0-7cbd-1b1e-ee7af9d895b5",
		"bc106b9b-5a2e-fe0b-080e-9eadd4022ff0",
		"38c5aa24-3b97-194c-4f2e-d07895170d15"
	],
	"folders": [],
	"timestamp": 1479762177773,
	"owner": 0,
	"public": false,
	"requests": [
		{
			"id": "101a1814-d2e0-7cbd-1b1e-ee7af9d895b5",
			"headers": "Authorization: Basic YWRtaW46Y2lzY28=\nContent-Type: application/yang.data+xml\n",
			"url": "{{MGMT_IP}}/restconf/data/top:System/evpn-items/bdevi-items/BDEvi-list=vxlan-20200",
			"preRequestScript": null,
			"pathVariables": {},
			"method": "DELETE",
			"data": [],
			"dataMode": "raw",
			"version": 2,
			"tests": null,
			"currentHelper": "normal",
			"helperAttributes": {},
			"time": 1479817885177,
			"name": "Remove L2VNI from EVPN",
			"description": "",
			"collectionId": "dd2bf67f-a0ef-e806-31f7-4561990e2571",
			"responses": [],
			"rawModeData": ""
		},
		{
			"id": "38c5aa24-3b97-194c-4f2e-d07895170d15",
			"headers": "Authorization: Basic YWRtaW46Y2lzY28=\nContent-Type: application/yang.data+xml\n",
			"url": "{{MGMT_IP}}/restconf/data/top:System/bd-items/bd-items/BD-list=vlan-200",
			"preRequestScript": null,
			"pathVariables": {},
			"method": "DELETE",
			"data": [],
			"dataMode": "raw",
			"version": 2,
			"tests": null,
			"currentHelper": "normal",
			"helperAttributes": {},
			"time": 1479811775731,
			"name": "Remove VLAN and VNI",
			"description": "",
			"collectionId": "dd2bf67f-a0ef-e806-31f7-4561990e2571",
			"responses": [],
			"rawModeData": ""
		},
		{
			"id": "8ba90678-26e2-9237-0220-9d0eecdc54e0",
			"headers": "Authorization: Basic YWRtaW46Y2lzY28=\nContent-Type: application/yang.data+xml\n",
			"url": "{{MGMT_IP}}/restconf/data/top:System/intf-items",
			"preRequestScript": null,
			"pathVariables": {},
			"method": "POST",
			"data": [],
			"dataMode": "raw",
			"version": 2,
			"tests": null,
			"currentHelper": "normal",
			"helperAttributes": {},
			"time": 1479761875395,
			"name": "Remove VLAN from access port",
			"description": "",
			"collectionId": "dd2bf67f-a0ef-e806-31f7-4561990e2571",
			"responses": [],
			"rawModeData": "\n    <phys-items>\n      <PhysIf-list>\n        <id>eth1/41</id>\n        <accessVlan>vlan-1</accessVlan>\n      </PhysIf-list>\n    </phys-items>\n\n"
		},
		{
			"id": "bc106b9b-5a2e-fe0b-080e-9eadd4022ff0",
			"headers": "Authorization: Basic YWRtaW46Y2lzY28=\nContent-Type: application/yang.data+xml\n",
			"url": "{{MGMT_IP}}/restconf/data/top:System/epId-items/Ep-list=1/nws-items/vni-items/Nw-list=20200",
			"preRequestScript": null,
			"pathVariables": {},
			"method": "DELETE",
			"data": [],
			"dataMode": "raw",
			"version": 2,
			"tests": null,
			"currentHelper": "normal",
			"helperAttributes": {},
			"time": 1479817891074,
			"name": "Remove L2VNI from NVE Interface",
			"description": "",
			"collectionId": "dd2bf67f-a0ef-e806-31f7-4561990e2571",
			"responses": [],
			"rawModeData": ""
		}
	]
}