{
	"id": "71366e01-8a3d-5908-46cc-0714e0fecd3e",
	"name": "5. Enable VXLAN Routing for Tenant-20000",
	"description": "",
	"order": [],
	"folders": [
		{
			"id": "276e1fc5-1f4f-b2be-566a-0300b639725e",
			"name": "1. Create VRF and L3VNI",
			"description": "",
			"order": [
				"6514776c-d102-f35c-ecd8-6581ebc083b6",
				"dd4cec42-ce78-0e5c-fb08-297ca64c9063",
				"916a68c9-d0f6-b90a-0aec-8e6a8cb7fdc1",
				"a873ee28-9a15-c8af-a4a4-da11f84d1c16",
				"6c0463f8-398e-0ea3-5703-7c33417df4e6",
				"84177880-3dea-1ff2-74a8-0ed217f631aa"
			],
			"owner": 0
		},
		{
			"id": "1a0fcb25-d7f1-2bfb-f69c-049c095ccb78",
			"name": "2. Enable Routing for L2VNI 20200",
			"description": "",
			"order": [
				"84949008-bbaa-a54b-28ff-c77480e1a162",
				"e64d3b56-0953-0b3e-18e8-979acd73c3cc",
				"dbf11dbb-3958-00b9-6448-7c42aeac3ad4"
			],
			"owner": 0,
			"collectionId": "71366e01-8a3d-5908-46cc-0714e0fecd3e"
		},
		{
			"id": "e1d0a28f-aca7-122a-beca-be5bde7a3fc3",
			"name": "3. Enable Routing for L2VNI 20201",
			"description": "",
			"order": [
				"69f73ff9-c9ec-e199-7694-f54809786966",
				"f8259e09-7061-71a0-612c-09d8344444ea",
				"4946e2f6-d5b8-fbd9-0675-748c34012b31"
			],
			"owner": 0,
			"collectionId": "71366e01-8a3d-5908-46cc-0714e0fecd3e"
		}
	],
	"timestamp": 1479818111937,
	"owner": 0,
	"public": false,
	"requests": [
		{
			"id": "4946e2f6-d5b8-fbd9-0675-748c34012b31",
			"headers": "Authorization: Basic YWRtaW46Y2lzY28=\nContent-Type: application/yang.data+xml\n",
			"url": "{{MGMT_IP}}/restconf/data/top:System/hmm-items/fwdinst-items",
			"preRequestScript": null,
			"pathVariables": {},
			"method": "POST",
			"data": [],
			"dataMode": "raw",
			"version": 2,
			"tests": null,
			"currentHelper": "normal",
			"helperAttributes": {},
			"time": 1479820861829,
			"name": "Enable distributed default GW on SVI 201",
			"description": "",
			"collectionId": "71366e01-8a3d-5908-46cc-0714e0fecd3e",
			"responses": [],
			"rawModeData": "\n\n      <if-items>\n        <FwdIf-list>\n          <id>vlan201</id>\n          <mode>anycastGW</mode>\n        </FwdIf-list>\n      </if-items>\n\n"
		},
		{
			"id": "6514776c-d102-f35c-ecd8-6581ebc083b6",
			"headers": "Authorization: Basic YWRtaW46Y2lzY28=\nContent-Type: application/yang.data+xml\n",
			"url": "{{MGMT_IP}}/restconf/data/top:System/",
			"preRequestScript": null,
			"pathVariables": {},
			"method": "POST",
			"data": [],
			"dataMode": "raw",
			"version": 2,
			"tests": null,
			"currentHelper": "normal",
			"helperAttributes": {},
			"time": 1479819477383,
			"name": "Create VRF",
			"description": "",
			"collectionId": "71366e01-8a3d-5908-46cc-0714e0fecd3e",
			"responses": [],
			"folder": "276e1fc5-1f4f-b2be-566a-0300b639725e",
			"rawModeData": "\n  <inst-items>\n    <Inst-list>\n      <name>tenant-20000</name>\n      <encap>vxlan-20666</encap>\n      <dom-items>\n        <Dom-list>\n          <name>tenant-20000</name>\n          <rd>rd:unknown:0:0</rd>\n          <af-items>\n            <DomAf-list>\n              <type>ipv4-ucast</type>\n              <ctrl-items>\n                <AfCtrl-list>\n                  <type>l2vpn-evpn</type>\n                  <rttp-items>\n                    <RttP-list>\n                      <type>import</type>\n                      <ent-items>\n                        <RttEntry-list>\n                          <rtt>route-target:unknown:0:0</rtt>\n                        </RttEntry-list>\n                      </ent-items>\n                    </RttP-list>\n                    <RttP-list>\n                      <type>export</type>\n                      <ent-items>\n                        <RttEntry-list>\n                          <rtt>route-target:unknown:0:0</rtt>\n                        </RttEntry-list>\n                      </ent-items>\n                    </RttP-list>\n                  </rttp-items>\n                </AfCtrl-list>\n                <AfCtrl-list>\n                  <type>ipv4-ucast</type>\n                  <rttp-items>\n                    <RttP-list>\n                      <type>import</type>\n                      <ent-items>\n                        <RttEntry-list>\n                          <rtt>route-target:unknown:0:0</rtt>\n                        </RttEntry-list>\n                      </ent-items>\n                    </RttP-list>\n                    <RttP-list>\n                      <type>export</type>\n                      <ent-items>\n                        <RttEntry-list>\n                          <rtt>route-target:unknown:0:0</rtt>\n                        </RttEntry-list>\n                      </ent-items>\n                    </RttP-list>\n                  </rttp-items>\n                </AfCtrl-list>\n              </ctrl-items>\n            </DomAf-list>\n          </af-items>\n        </Dom-list>\n      </dom-items>\n    </Inst-list>\n  </inst-items>\n"
		},
		{
			"id": "69f73ff9-c9ec-e199-7694-f54809786966",
			"headers": "Authorization: Basic YWRtaW46Y2lzY28=\nContent-Type: application/yang.data+xml\n",
			"url": "{{MGMT_IP}}/restconf/data/top:System/intf-items",
			"preRequestScript": null,
			"pathVariables": {},
			"method": "POST",
			"data": [],
			"dataMode": "raw",
			"version": 2,
			"tests": null,
			"currentHelper": "normal",
			"helperAttributes": {},
			"time": 1479820832247,
			"name": "Create SVI 201 for L2VNI 20201",
			"description": "",
			"collectionId": "71366e01-8a3d-5908-46cc-0714e0fecd3e",
			"responses": [],
			"rawModeData": "<svi-items>\n    <If-list>\n        <id>vlan201</id>\n        <adminSt>up</adminSt>\n        <rtvrfMbr-items>\n          <tDn>/System/inst-items/Inst-list[name='tenant-20000']</tDn>\n        </rtvrfMbr-items>\n    </If-list>\n</svi-items>\n\n\n\n"
		},
		{
			"id": "6c0463f8-398e-0ea3-5703-7c33417df4e6",
			"headers": "Authorization: Basic YWRtaW46Y2lzY28=\nContent-Type: application/yang.data+xml\n",
			"url": "{{MGMT_IP}}/restconf/data/top:System/",
			"preRequestScript": null,
			"pathVariables": {},
			"method": "POST",
			"data": [],
			"dataMode": "raw",
			"version": 2,
			"tests": null,
			"currentHelper": "normal",
			"helperAttributes": {},
			"time": 1479819123963,
			"name": "Add L3VNI to NVE Interface",
			"description": "",
			"collectionId": "71366e01-8a3d-5908-46cc-0714e0fecd3e",
			"responses": [],
			"folder": "276e1fc5-1f4f-b2be-566a-0300b639725e",
			"rawModeData": "\n  <epId-items>\n    <Ep-list>\n      <epId>1</epId>\n      <nws-items>\n        <vni-items>\n          <Nw-list>\n            <vni>20666</vni>\n            <associateVrfFlag>true</associateVrfFlag>\n            <isLegacyMode>false</isLegacyMode>\n            <vniRangeMax>20666</vniRangeMax>\n            <vniRangeMin>20666</vniRangeMin>\n          </Nw-list>\n        </vni-items>\n      </nws-items>\n    </Ep-list>\n  </epId-items>\n\n"
		},
		{
			"id": "84177880-3dea-1ff2-74a8-0ed217f631aa",
			"headers": "Authorization: Basic YWRtaW46Y2lzY28=\nContent-Type: application/yang.data+xml\n",
			"url": "{{MGMT_IP}}/restconf/data/top:System/bgp-items/inst-items",
			"preRequestScript": null,
			"pathVariables": {},
			"method": "POST",
			"data": [],
			"dataMode": "raw",
			"version": 2,
			"tests": null,
			"currentHelper": "normal",
			"helperAttributes": {},
			"time": 1479821079694,
			"name": "Add VRF to BGP EVPN",
			"description": "",
			"collectionId": "71366e01-8a3d-5908-46cc-0714e0fecd3e",
			"responses": [],
			"rawModeData": "      <dom-items>\n        <Dom-list>\n          <name>tenant-20000</name>\n          <af-items>\n            <DomAf-list>\n              <type>ipv4-ucast</type>\n              <advertL2vpnEvpn>enabled</advertL2vpnEvpn>\n            </DomAf-list>\n          </af-items>\n        </Dom-list>\n      </dom-items>\n\n\n\n\n\n"
		},
		{
			"id": "84949008-bbaa-a54b-28ff-c77480e1a162",
			"headers": "Authorization: Basic YWRtaW46Y2lzY28=\nContent-Type: application/yang.data+xml\n",
			"url": "{{MGMT_IP}}/restconf/data/top:System/intf-items",
			"preRequestScript": null,
			"pathVariables": {},
			"method": "POST",
			"data": [],
			"dataMode": "raw",
			"version": 2,
			"tests": null,
			"currentHelper": "normal",
			"helperAttributes": {},
			"time": 1479820815495,
			"name": "Create SVI 200 for L2VNI 20200",
			"description": "",
			"collectionId": "71366e01-8a3d-5908-46cc-0714e0fecd3e",
			"responses": [],
			"rawModeData": "<svi-items>\n    <If-list>\n        <id>vlan200</id>\n        <adminSt>up</adminSt>\n        <rtvrfMbr-items>\n          <tDn>/System/inst-items/Inst-list[name='tenant-20000']</tDn>\n        </rtvrfMbr-items>\n    </If-list>\n</svi-items>\n\n\n\n"
		},
		{
			"id": "916a68c9-d0f6-b90a-0aec-8e6a8cb7fdc1",
			"headers": "Authorization: Basic YWRtaW46Y2lzY28=\nContent-Type: application/yang.data+xml\n",
			"url": "{{MGMT_IP}}/restconf/data/top:System/intf-items",
			"preRequestScript": null,
			"pathVariables": {},
			"method": "POST",
			"data": [],
			"dataMode": "raw",
			"version": 2,
			"tests": null,
			"currentHelper": "normal",
			"helperAttributes": {},
			"time": 1479818977553,
			"name": "Create Internal SVI for VRF",
			"description": "",
			"collectionId": "71366e01-8a3d-5908-46cc-0714e0fecd3e",
			"responses": [],
			"folder": "276e1fc5-1f4f-b2be-566a-0300b639725e",
			"rawModeData": "\n    <svi-items>\n      <If-list>\n        <id>vlan666</id>\n        <adminSt>up</adminSt>\n        <rtvrfMbr-items>\n          <tDn>/System/inst-items/Inst-list[name='tenant-20000']</tDn>\n        </rtvrfMbr-items>\n      </If-list>\n    </svi-items>\n"
		},
		{
			"id": "a873ee28-9a15-c8af-a4a4-da11f84d1c16",
			"headers": "Authorization: Basic YWRtaW46Y2lzY28=\nContent-Type: application/yang.data+xml\n",
			"url": "{{MGMT_IP}}/restconf/data/top:System/ipv4-items/inst-items",
			"preRequestScript": null,
			"pathVariables": {},
			"method": "POST",
			"data": [],
			"dataMode": "raw",
			"version": 2,
			"tests": null,
			"currentHelper": "normal",
			"helperAttributes": {},
			"time": 1479819035638,
			"name": "Assign Internal SVI to VRF",
			"description": "",
			"collectionId": "71366e01-8a3d-5908-46cc-0714e0fecd3e",
			"responses": [],
			"folder": "276e1fc5-1f4f-b2be-566a-0300b639725e",
			"rawModeData": "\n      <dom-items>\n        <Dom-list>\n          <name>tenant-20000</name>\n          <if-items>\n            <If-list>\n              <id>vlan666</id>\n              <forward>enabled</forward>\n            </If-list>\n          </if-items>\n        </Dom-list>\n      </dom-items>\n"
		},
		{
			"id": "dbf11dbb-3958-00b9-6448-7c42aeac3ad4",
			"headers": "Authorization: Basic YWRtaW46Y2lzY28=\nContent-Type: application/yang.data+xml\n",
			"url": "{{MGMT_IP}}/restconf/data/top:System/hmm-items/fwdinst-items",
			"preRequestScript": null,
			"pathVariables": {},
			"method": "POST",
			"data": [],
			"dataMode": "raw",
			"version": 2,
			"tests": null,
			"currentHelper": "normal",
			"helperAttributes": {},
			"time": 1479820592511,
			"name": "Enable distributed default GW on SVI 200",
			"description": "",
			"collectionId": "71366e01-8a3d-5908-46cc-0714e0fecd3e",
			"responses": [],
			"folder": "1a0fcb25-d7f1-2bfb-f69c-049c095ccb78",
			"rawModeData": "\n\n      <if-items>\n        <FwdIf-list>\n          <id>vlan200</id>\n          <mode>anycastGW</mode>\n        </FwdIf-list>\n      </if-items>\n\n"
		},
		{
			"id": "dd4cec42-ce78-0e5c-fb08-297ca64c9063",
			"headers": "Authorization: Basic YWRtaW46Y2lzY28=\nContent-Type: application/yang.data+xml\n",
			"url": "{{MGMT_IP}}/restconf/data/top:System/bd-items",
			"preRequestScript": null,
			"pathVariables": {},
			"method": "POST",
			"data": [],
			"dataMode": "raw",
			"version": 2,
			"tests": null,
			"currentHelper": "normal",
			"helperAttributes": {},
			"time": 1479818885521,
			"name": "Create Internal VLAN for VRF",
			"description": "",
			"collectionId": "71366e01-8a3d-5908-46cc-0714e0fecd3e",
			"responses": [],
			"folder": "276e1fc5-1f4f-b2be-566a-0300b639725e",
			"rawModeData": "    <bd-items>\n      <BD-list>\n        <fabEncap>vlan-666</fabEncap>\n        <accEncap>vxlan-20666</accEncap>\n        <name>L3VNI_VLAN_666_for_tenant-20000</name>\n        <pcTag>1</pcTag>\n      </BD-list>\n    </bd-items>\n"
		},
		{
			"id": "e64d3b56-0953-0b3e-18e8-979acd73c3cc",
			"headers": "Authorization: Basic YWRtaW46Y2lzY28=\nContent-Type: application/yang.data+xml\n",
			"url": "{{MGMT_IP}}/restconf/data/top:System/ipv4-items/inst-items",
			"preRequestScript": null,
			"pathVariables": {},
			"method": "POST",
			"data": [],
			"dataMode": "raw",
			"version": 2,
			"tests": null,
			"currentHelper": "normal",
			"helperAttributes": {},
			"time": 1479820410950,
			"name": "Assign VRF and IP to SVI 200",
			"description": "",
			"collectionId": "71366e01-8a3d-5908-46cc-0714e0fecd3e",
			"responses": [],
			"folder": "1a0fcb25-d7f1-2bfb-f69c-049c095ccb78",
			"rawModeData": "      <dom-items>\n        <Dom-list>\n          <name>tenant-20000</name>\n          <if-items>\n            <If-list>\n              <id>vlan200</id>\n              <addr-items>\n                <Addr-list>\n                  <addr>192.168.200.1/24</addr>\n                </Addr-list>\n              </addr-items>\n            </If-list>\n          </if-items>\n        </Dom-list>\n      </dom-items>\n      "
		},
		{
			"id": "f8259e09-7061-71a0-612c-09d8344444ea",
			"headers": "Authorization: Basic YWRtaW46Y2lzY28=\nContent-Type: application/yang.data+xml\n",
			"url": "{{MGMT_IP}}/restconf/data/top:System/ipv4-items/inst-items",
			"preRequestScript": null,
			"pathVariables": {},
			"method": "POST",
			"data": [],
			"dataMode": "raw",
			"version": 2,
			"tests": null,
			"currentHelper": "normal",
			"helperAttributes": {},
			"time": 1479820854609,
			"name": "Assign VRF and IP to SVI 201",
			"description": "",
			"collectionId": "71366e01-8a3d-5908-46cc-0714e0fecd3e",
			"responses": [],
			"rawModeData": "      <dom-items>\n        <Dom-list>\n          <name>tenant-20000</name>\n          <if-items>\n            <If-list>\n              <id>vlan201</id>\n              <addr-items>\n                <Addr-list>\n                  <addr>192.168.201.1/24</addr>\n                </Addr-list>\n              </addr-items>\n            </If-list>\n          </if-items>\n        </Dom-list>\n      </dom-items>\n      "
		}
	]
}