{
	"id": "b47b094e-07d2-5a07-fb22-ab58f3685bff",
	"name": "6. Disable VXLAN Routing for Tenant-20000",
	"description": "",
	"order": [
		"ce157ff8-6c39-7fe4-ace6-3652ad522675",
		"0d1ca497-0d16-884c-cb6d-7793bc34df62",
		"317fb21d-fae2-0414-00c2-12f8a19d4bc8",
		"53115a9c-b603-0625-f904-b43612106678",
		"a68aa608-7e42-a539-cdda-92435d289625",
		"a1aaac29-8e74-92ae-1362-a8f974a42eca",
		"4555186f-f4fb-6a08-7da8-02eda0f2d143"
	],
	"folders": [],
	"timestamp": 1479823594487,
	"owner": 0,
	"public": false,
	"requests": [
		{
			"id": "0d1ca497-0d16-884c-cb6d-7793bc34df62",
			"headers": "Authorization: Basic YWRtaW46Y2lzY28=\nContent-Type: application/yang.data+xml\n",
			"url": "{{MGMT_IP}}/restconf/data/top:System/intf-items/svi-items/If-list=vlan201",
			"preRequestScript": null,
			"pathVariables": {},
			"method": "DELETE",
			"data": [],
			"dataMode": "raw",
			"version": 2,
			"tests": null,
			"currentHelper": "normal",
			"helperAttributes": {},
			"time": 1479908986022,
			"name": "Remove SVI 201",
			"description": "",
			"collectionId": "b47b094e-07d2-5a07-fb22-ab58f3685bff",
			"responses": [],
			"rawModeData": ""
		},
		{
			"id": "317fb21d-fae2-0414-00c2-12f8a19d4bc8",
			"headers": "Authorization: Basic YWRtaW46Y2lzY28=\nContent-Type: application/yang.data+xml\n",
			"url": "{{MGMT_IP}}/restconf/data/top:System/bgp-items/inst-items/dom-items/Dom-list=tenant-20000",
			"preRequestScript": null,
			"pathVariables": {},
			"method": "DELETE",
			"data": [],
			"dataMode": "raw",
			"version": 2,
			"tests": null,
			"currentHelper": "normal",
			"helperAttributes": {},
			"time": 1479909131939,
			"name": "Remove VRF from BGP EVPN",
			"description": "",
			"collectionId": "b47b094e-07d2-5a07-fb22-ab58f3685bff",
			"responses": [],
			"rawModeData": ""
		},
		{
			"id": "4555186f-f4fb-6a08-7da8-02eda0f2d143",
			"headers": "Authorization: Basic YWRtaW46Y2lzY28=\nContent-Type: application/yang.data+xml\n",
			"url": "{{MGMT_IP}}/restconf/data/top:System/inst-items/Inst-list=tenant-20000",
			"preRequestScript": null,
			"pathVariables": {},
			"method": "DELETE",
			"data": [],
			"dataMode": "raw",
			"version": 2,
			"tests": null,
			"currentHelper": "normal",
			"helperAttributes": {},
			"time": 1479909251840,
			"name": "Remove VRF",
			"description": "",
			"collectionId": "b47b094e-07d2-5a07-fb22-ab58f3685bff",
			"responses": [],
			"rawModeData": ""
		},
		{
			"id": "53115a9c-b603-0625-f904-b43612106678",
			"headers": "Authorization: Basic YWRtaW46Y2lzY28=\nContent-Type: application/yang.data+xml\n",
			"url": "{{MGMT_IP}}/restconf/data/top:System/epId-items/Ep-list=1/nws-items/vni-items/Nw-list=20666",
			"preRequestScript": null,
			"pathVariables": {},
			"method": "DELETE",
			"data": [],
			"dataMode": "raw",
			"version": 2,
			"tests": null,
			"currentHelper": "normal",
			"helperAttributes": {},
			"time": 1479909367852,
			"name": "Remove L3VNI from NVE interface",
			"description": "",
			"collectionId": "b47b094e-07d2-5a07-fb22-ab58f3685bff",
			"responses": [],
			"rawModeData": ""
		},
		{
			"id": "a1aaac29-8e74-92ae-1362-a8f974a42eca",
			"headers": "Authorization: Basic YWRtaW46Y2lzY28=\nContent-Type: application/yang.data+xml\n",
			"url": "{{MGMT_IP}}/restconf/data/top:System/bd-items/bd-items/BD-list=vlan-666",
			"preRequestScript": null,
			"pathVariables": {},
			"method": "DELETE",
			"data": [],
			"dataMode": "raw",
			"version": 2,
			"tests": null,
			"currentHelper": "normal",
			"helperAttributes": {},
			"time": 1479915239165,
			"name": "Remove Internal VLAN",
			"description": "",
			"collectionId": "b47b094e-07d2-5a07-fb22-ab58f3685bff",
			"responses": [],
			"rawModeData": ""
		},
		{
			"id": "a68aa608-7e42-a539-cdda-92435d289625",
			"headers": "Authorization: Basic YWRtaW46Y2lzY28=\nContent-Type: application/yang.data+xml\n",
			"url": "{{MGMT_IP}}/restconf/data/top:System/intf-items/svi-items/If-list=vlan666",
			"preRequestScript": null,
			"pathVariables": {},
			"method": "DELETE",
			"data": [],
			"dataMode": "raw",
			"version": 2,
			"tests": null,
			"currentHelper": "normal",
			"helperAttributes": {},
			"time": 1479909502417,
			"name": "Remove Internal SVI for VRF",
			"description": "",
			"collectionId": "b47b094e-07d2-5a07-fb22-ab58f3685bff",
			"responses": [],
			"rawModeData": ""
		},
		{
			"id": "ce157ff8-6c39-7fe4-ace6-3652ad522675",
			"headers": "Authorization: Basic YWRtaW46Y2lzY28=\nContent-Type: application/yang.data+xml\n",
			"url": "{{MGMT_IP}}/restconf/data/top:System/intf-items/svi-items/If-list=vlan200",
			"preRequestScript": null,
			"pathVariables": {},
			"method": "DELETE",
			"data": [],
			"dataMode": "raw",
			"version": 2,
			"tests": null,
			"currentHelper": "normal",
			"helperAttributes": {},
			"time": 1479909454500,
			"name": "Remove SVI 200",
			"description": "",
			"collectionId": "b47b094e-07d2-5a07-fb22-ab58f3685bff",
			"responses": [],
			"rawModeData": ""
		}
	]
}